depmass_kg,arrmass_kg,MJ_total,MJ_day
1118.3619315157562,1574.535481019201,5904.078788690951,51.339815553834356
1258.9321208398899,1739.7901032566153,6379.17635288818,50.6283837530808
1047.2938148314327,1496.9989514471943,7171.080170880661,70.30470755765354
1289.9562428164456,1631.1100805881813,4710.866052689962,41.32338642710493
889.379376,1060.4546051168604,5434.631917933173,33.34130011001947
1128.773552,1748.4677721912171,11809.176675610914,111.40732712840484
947.994,1243.1,7310.040046055999,70.2888465966923
1245.5025392702842,1860.8967388383462,11990.505342734721,104.26526384986714
992.8107699999999,1553.0141181644144,10297.787076134362,80.4514615322997
1411.0502553430679,1866.5144881439019,7888.56083245758,68.59618115180504
1133.321358427483,1517.1942763504615,7292.73942743283,67.5253650688225
1098.8549896409622,1617.9162422367967,9237.271548024482,72.73442163798805
959.7231109450066,1473.0736897554243,8663.797615217698,73.42201368828557
1030.015525930587,1314.7492403692856,5497.8783197615085,47.39550275656473
732.7849317653837,1362.218464,11330.130161706229,80.92950115504449
839.4569723411462,1302.3551541031097,7461.5797253985975,60.17403004353708
879.3069,1182.749581959852,5203.262099413989,45.64264999485955
1167.2,1568.0179376673639,7517.956016683324,52.94335223016426
928.8,1639.9220639999999,12199.506405774911,77.70386245716504
1363.6395847019885,1677.8666660000001,6271.115354382016,46.11114231163248
1031.2806319603449,1580.997774,9353.306377110373,74.23259029452677
925.3377258975582,1291.358913854056,8330.11323681625,68.8439110480682
983.4023692019908,1515.2125699725646,11095.17915342336,95.64809615020138
974.562756,1474.7026298903138,12661.954393175149,115.10867630159225
1092.7777288371606,1819.8038855876414,14334.493175162896,121.47875572171945
816.2191161051962,1231.9352830835066,9259.79678241614,69.10296106280703
985.6947434441435,1556.5293226529661,9407.997334630196,74.0787191703165
1246.2467332658377,1692.2747769560467,7944.567979451651,68.48765499527285
1098.4540638171666,1379.4486337062688,3927.7191438316804,30.926922392375435
NA,NA,NA,NA
NA,NA,NA,NA
NA,NA,NA,NA
NA,NA,NA,NA
NA,NA,NA,NA
NA,NA,NA,NA
NA,NA,NA,NA
NA,NA,NA,NA
NA,NA,NA,NA
NA,NA,NA,NA
NA,NA,NA,NA
NA,NA,NA,NA
NA,NA,NA,NA
NA,NA,NA,NA
NA,NA,NA,NA
NA,NA,NA,NA
NA,NA,NA,NA
NA,NA,NA,NA
NA,NA,NA,NA
NA,NA,NA,NA
NA,NA,NA,NA
NA,NA,NA,NA
NA,NA,NA,NA
NA,NA,NA,NA
NA,NA,NA,NA
NA,NA,NA,NA
NA,NA,NA,NA
NA,NA,NA,NA
NA,NA,NA,NA
